#,Data,Dia,Pilar,Tema,Formato,Funil,Público,Objetivo,Gancho,CTA
01,2026-10-01,Qui,Institucional,Manifesto: proteger exige planejamento,Reels,Topo,Todos,Apresentar o posicionamento da marca,Ninguém planeja o imprevisto. Mas dá para planejar o que vem depois dele.,Siga a ERBE e decida com mais segurança.
02,2026-10-02,Sex,Saúde,Carência: prazos máximos da lei,Carrossel,Topo,PF e famílias,Educar e gerar autoridade,Contratei o plano hoje. Posso usar amanhã?,Fale com a ERBE antes de assinar.
03,2026-10-03,Sáb,Seguros,Mitos e verdades do seguro de vida,Carrossel,Topo,Famílias e PF,Derrubar crenças sobre seguro de vida,4 coisas que te disseram sobre seguro de vida (e não são bem assim).,Salve e envie para alguém.
04,2026-10-04,Dom,Saúde,Outubro Rosa,Estático,Topo,Mulheres e famílias,Reforçar o valor cuidado,Cuidar também é se lembrar de você.,Compartilhe com uma mulher importante para você.
05,2026-10-05,Seg,Saúde,Plano de saúde pelo CNPJ (Dia da MPE),Carrossel,Fundo,"MEI, liberais, PME",Gerar cotações PME,Você tem CNPJ. Seu plano de saúde ainda é de pessoa física?,Mande PME no WhatsApp.
06,2026-10-06,Ter,Seguros,Seguro empresarial e lucros cessantes,Reels,Topo,"Comércio, indústria, clínicas",Mostrar o risco da empresa parada,"Se a sua empresa precisasse fechar por 60 dias, quem pagaria as contas?",Comente EMPRESA.
07,2026-10-07,Qua,Consórcio,Consórcio x financiamento,Carrossel,Meio,PF e empresários,Comparar com honestidade,Consórcio ou financiamento? A resposta começa com outra pergunta.,Compare o custo total com a ERBE.
08,2026-10-08,Qui,Institucional,Método ERBE,Carrossel,Meio,Todos,Explicar a consultoria,Por que a gente faz perguntas antes de mandar preço.,Comece pelo diagnóstico com a ERBE.
09,2026-10-09,Sex,Saúde,5 erros das empresas no plano de saúde,Reels,Meio,Empresários e RH,Gerar identificação e revisão de contrato,5 erros que pesam no plano de saúde da sua empresa — e quase ninguém percebe.,Revise seu contrato com a ERBE.
10,2026-10-10,Sáb,Seguros,Seguro residencial além do incêndio,Estático,Topo,Famílias,Mostrar utilidade prática,Cano estourado no domingo. Seu seguro resolve?,Envie sua apólice para análise.
11,2026-10-11,Dom,Consórcio,Contemplação em 30 segundos,Reels,Topo,PF,Tirar a dúvida principal,"Como você recebe o crédito no consórcio, explicado em 30 segundos.",Salve para consultar depois.
12,2026-10-12,Seg,Seguros,Dia das Crianças: seguro de vida,Estático,Topo,Pais e mães,Associar seguro a continuidade,Você planeja o futuro deles. Quem protege o seu plano?,Fale com a ERBE sobre a proteção da sua família.
13,2026-10-13,Ter,Saúde,Coparticipação,Carrossel,Meio,"Empresários, RH, famílias",Ensinar a calcular o custo total,Coparticipação: economia ou armadilha? Depende de como você usa.,Simule os dois modelos com a ERBE.
14,2026-10-14,Qua,Seguros,DIT para profissional liberal,Carrossel,Meio,Profissionais liberais,Apresentar proteção de renda,"Se você parar de trabalhar por 30 dias, sua renda para junto?",Mande RENDA no WhatsApp.
15,2026-10-15,Qui,Saúde,Plano para pais 60+,Carrossel,Topo,Filhos adultos,Responder mitos sobre idade,Plano de saúde para seus pais depois dos 60: o que você precisa saber.,Veja os caminhos com a ERBE.
16,2026-10-16,Sex,Seguros,Você sabe o que seu seguro cobre?,Story,Fundo,PF e empresários,Gerar pedidos de revisão,Você sabe exatamente o que seu seguro cobre?,Sticker: Quero revisar meus seguros.
17,2026-10-17,Sáb,Consórcio,Patrimônio com método,Estático,Topo,PF,Associar consórcio a patrimônio,Patrimônio não se constrói de uma vez. Se constrói com método.,Salve e pense no próximo passo.
18,2026-10-18,Dom,Institucional,Por que contratar com corretora,Reels,Meio,Todos,Quebrar objeção do site,Por que contratar com uma corretora se dá para cotar direto no site?,Tenha alguém do seu lado: fale com a ERBE.
19,2026-10-19,Seg,Saúde,Benefícios e retenção,Estático,Topo,Empresários e RH,Plano como gestão de pessoas,Duas propostas com o mesmo salário. O que decide?,Estruture seus benefícios com a ERBE.
20,2026-10-20,Ter,Seguros,Vida em grupo e convenção coletiva,Carrossel,Fundo,"RH, empresários, contadores",Gerar leads B2B,A convenção coletiva da sua categoria pode exigir seguro de vida. Você já conferiu?,Envie a convenção e o nº de colaboradores.
21,2026-10-21,Qua,Consórcio,Frota e máquinas com consórcio,Carrossel,Meio,"Transportadoras, indústrias",Consórcio como investimento planejado,Renovar a frota sem comprometer o caixa com juros: já considerou consórcio?,Monte seu plano de renovação com a ERBE.
22,2026-10-22,Qui,Seguros,Seguro cyber para tecnologia,Reels,Topo,Empresas de tecnologia,Abrir nicho B2B,Vazou um dado de cliente. Quem paga a conta?,Comente CYBER.
23,2026-10-23,Sex,Saúde,Portabilidade de carências,Reels,Meio,"PF, famílias, MEI",Atrair insatisfeitos com o plano atual,Dá para trocar de plano de saúde sem cumprir carência de novo?,Mande PORTABILIDADE no WhatsApp.
24,2026-10-24,Sáb,Consórcio,Consórcio é para quem não tem pressa?,Reels,Meio,PF e empresários,Quebrar objeção,'Consórcio é para quem não tem pressa.' Meia verdade.,Monte sua estratégia com a ERBE.
25,2026-10-25,Dom,Institucional,Case ERBE,Carrossel,Fundo,Todos,Prova social real,Uma empresa de [nº] vidas chegou à ERBE com [problema]. Veja o que mudou.,Sua situação é parecida? Fale com a ERBE.
26,2026-10-26,Seg,Saúde,O reajuste chegou,Carrossel,Fundo,"RH, financeiro, empresários",Gerar análises de reajuste,O reajuste do plano chegou. Você aceita ou analisa?,Envie a carta de reajuste para a ERBE.
27,2026-10-27,Ter,Seguros,RC profissional para clínicas,Carrossel,Meio,Clínicas e profissionais de saúde,Educar sobre risco profissional,Um paciente insatisfeito pode virar um processo. Sua clínica está preparada?,Revise a proteção da sua clínica.
28,2026-10-28,Qua,Seguros,Apólice de carga,Carrossel,Fundo,Transportadoras,Gerar revisões de apólice,Sua transportadora cresceu. Sua apólice acompanhou?,Mande sua apólice e o perfil das rotas.
29,2026-10-29,Qui,Consórcio,Simule seu próximo passo,Story,Fundo,PF e empresários,Gerar simulações,Qual é o seu próximo passo?,Sticker: WhatsApp consórcio.
30,2026-10-30,Sex,Saúde,Checklist da cotação empresarial,Carrossel,Fundo,"Empresários, RH, MEI",Reduzir atrito e gerar cotações,Quer cotar plano empresarial sem vai e volta? Tenha isto em mãos.,Comente COTAÇÃO ou chame no WhatsApp.
